merk,artikelnummer,product,inhoud,solgar_feed,b2b,b2b_ziet
solgar,0025,Advanced Acidophilus Plus,120,Nee,Ja,leverbaar
solgar,0027,Advanced 40+ Acidophilus,60,Ja,Nee,"tijdelijk niet leverbaar, verwacht 2026-10-30"
solgar,0570,L-Carnitine 500 mg,30,Ja,Nee,tijdelijk niet leverbaar
solgar,0931,Co-Enzyme Q-10 30 mg,30,Ja,Nee,niet gevonden in de B2B
solgar,1120,Vitamin B-complex,50,Ja,Nee,"tijdelijk niet leverbaar, verwacht 2026-10-23"
solgar,1170,Super Cod Liver Oil Complex,60,Ja,Nee,"tijdelijk niet leverbaar, verwacht 2026-11-15"
solgar,1188,Formula VM-2000®,90,Ja,Nee,"tijdelijk niet leverbaar, verwacht 2026-11-30"
solgar,1189,Formula VM-2000®,180,Ja,Nee,"tijdelijk niet leverbaar, verwacht 2026-11-30"
solgar,1249,Gentle Iron 20 mg,90,Ja,Nee,"tijdelijk niet leverbaar, verwacht 2026-10-15"
solgar,1711,Magnesium Citrate,120,Ja,Nee,"tijdelijk niet leverbaar, verwacht 2026-10-30"
solgar,2053,Omega-3 Double Strength,120,Ja,Nee,"tijdelijk niet leverbaar, verwacht 2026-10-09"
solgar,2057,Omega-3 Fish Oil Triple Strength,50,Ja,Nee,tijdelijk niet leverbaar
solgar,2551,Selenium 100 mcg,100,Ja,Nee,"tijdelijk niet leverbaar, verwacht 2026-10-30"
solgar,3319,Vitamin D-3 600 IU,120,Ja,Nee,uit assortiment
solgar,3560,Vitamin E 671 mg/1000 IU Complex,50,Ja,Nee,niet gevonden in de B2B
viridian,V0306,Magnesium Citrate capsules,120,Ja,Nee,"tijdelijk niet leverbaar, verwacht 2026-10-30"
viridian,V0695,Organic Calendula & Hypericum Balm,60,Ja,Nee,"tijdelijk niet leverbaar, verwacht 2026-12-15"
